Tamanho,Bubble Sort,Insertion Sort,Heap Sort,Merge Sort,Quick Sort,Radix Sort
1,0,0,0,0,0,4
2,0,0,5,3,2,12
3,0,0,11,7,5,18
4,0,0,20,12,9,24
5,0,0,29,19,13,30
6,1,0,40,25,18,36
7,1,0,48,32,23,42
8,1,0,63,39,28,48
9,1,0,75,48,36,54
10,2,0,89,56,45,60
11,3,2,98,64,47,66
12,5,2,115,73,59,72
13,5,2,127,82,62,78
14,5,2,143,91,71,84
15,4,2,155,100,76,90
16,10,6,172,109,90,96
17,8,4,188,120,94,102
18,9,4,202,131,103,108
19,13,6,217,140,104,114
20,14,6,236,151,121,120
21,18,10,248,162,135,126
22,17,8,266,173,137,132
23,19,10,277,183,140,138
24,22,10,297,193,157,144
25,18,10,313,204,171,150
26,23,14,332,216,167,156
27,29,14,350,226,180,162
28,29,14,364,238,189,168
29,33,16,383,249,208,174
30,27,14,397,259,208,182
31,36,16,411,270,211,186
32,42,20,435,281,233,196
33,40,22,452,293,233,200
34,40,18,473,306,250,204
35,46,20,482,319,253,214
36,48,26,505,331,266,220
37,39,18,522,343,281,224
38,54,26,545,355,283,230
39,55,20,561,368,299,234
40,58,30,580,380,308,240
41,60,28,593,392,334,248
42,64,34,619,407,333,256
43,71,30,639,418,344,262
44,52,30,654,432,363,264
45,78,38,672,443,369,270
46,64,34,697,456,374,276
47,70,36,712,470,366,284
48,91,42,736,481,418,294
49,97,46,753,494,407,294
50,98,46,777,507,413,306
51,99,48,797,519,440,316
52,105,54,815,532,449,312
53,101,48,833,546,450,320
54,111,56,847,559,472,334
55,114,52,868,572,471,330
56,125,56,891,585,479,342
57,101,42,912,598,482,352
58,116,54,935,612,505,354
59,126,66,947,625,535,354
60,142,62,975,636,504,368
61,127,62,988,650,559,370
62,131,60,1011,661,557,384
63,151,64,1034,675,567,390
64,158,80,1052,687,572,384
65,153,70,1073,704,611,390
66,136,72,1089,718,622,396
67,167,70,1114,729,621,414
68,183,84,1140,745,634,420
69,187,84,1163,761,658,418
70,136,70,1174,775,671,428
71,190,86,1201,790,669,426
72,191,74,1224,803,676,450
73,195,92,1239,817,703,452
74,202,88,1266,831,713,448
75,211,98,1289,847,722,454
76,230,110,1313,861,751,466
77,215,96,1324,876,739,472
78,233,96,1348,891,749,472
79,203,100,1375,905,759,484
80,248,122,1397,921,781,484
81,265,120,1415,934,805,506
82,214,120,1445,949,798,512
83,262,110,1456,960,814,508
84,267,130,1486,977,820,520
85,260,132,1515,992,841,520
86,278,124,1524,1008,841,526
87,313,140,1553,1023,877,538
88,314,146,1570,1037,882,544
89,294,108,1597,1051,873,538
90,311,134,1614,1065,909,552
91,347,154,1636,1081,895,552
92,293,138,1659,1094,950,576
93,326,156,1677,1110,947,576
94,320,130,1714,1125,954,594
95,357,170,1726,1139,971,588
96,363,168,1758,1155,1006,582
97,331,150,1773,1170,1012,606
98,362,168,1800,1184,947,614
99,392,190,1815,1199,1023,600
100,375,168,1841,1214,1027,612
101,410,186,1859,1228,1040,646
102,422,176,1885,1244,1071,638
103,374,150,1915,1259,1086,644
104,332,176,1940,1272,1099,624
105,387,186,1955,1287,1080,658
106,408,186,1976,1303,1090,642
107,456,184,1996,1317,1143,648
108,395,168,2016,1333,1138,668
109,463,220,2044,1346,1167,674
110,485,230,2063,1363,1156,696
111,457,218,2091,1377,1199,688
112,477,230,2116,1393,1180,708
113,482,246,2131,1408,1190,692
114,516,232,2160,1422,1183,714
115,502,244,2178,1437,1226,704
116,524,242,2204,1453,1213,742
117,503,232,2219,1467,1251,716
118,563,236,2248,1482,1285,738
119,529,240,2270,1496,1269,720
120,573,248,2295,1512,1313,776
121,533,242,2322,1527,1318,766
122,545,250,2339,1539,1329,748
123,555,264,2366,1558,1328,746
124,612,272,2389,1573,1358,768
125,610,244,2407,1587,1398,758
126,542,268,2437,1602,1394,806
127,568,264,2448,1614,1426,794
128,629,300,2475,1631,1419,818
129,563,280,2499,1646,1426,816
130,673,280,2531,1665,1432,806
131,655,306,2552,1680,1438,786
132,614,258,2578,1697,1492,818
133,721,316,2602,1713,1496,832
134,669,310,2622,1727,1493,838
135,649,298,2637,1746,1546,846
136,765,324,2671,1763,1514,834
137,733,304,2698,1781,1523,848
138,679,300,2719,1798,1579,882
139,718,312,2749,1811,1599,870
140,774,354,2778,1828,1569,858
141,781,312,2796,1844,1632,902
142,785,328,2825,1862,1634,888
143,759,324,2846,1877,1648,914
144,740,336,2865,1893,1626,882
145,801,344,2902,1910,1683,898
146,771,314,2919,1926,1691,904
147,810,344,2948,1944,1678,920
148,768,370,2969,1962,1662,956
149,851,390,2993,1979,1680,932
150,900,388,3024,1993,1700,940
151,757,354,3043,2012,1789,936
152,841,382,3066,2025,1737,952
153,925,432,3090,2043,1740,928
154,867,398,3124,2061,1777,1006
155,916,416,3139,2076,1759,1022
156,875,406,3166,2093,1819,966
157,847,384,3198,2110,1831,972
158,971,414,3204,2124,1799,968
159,932,410,3245,2143,1802,996
160,977,416,3265,2158,1855,992
161,955,438,3284,2174,1866,1008
162,1013,460,3309,2192,1942,992
163,1071,446,3339,2208,1899,1032
164,1086,454,3368,2225,1930,1016
165,1044,458,3392,2238,2027,1044
166,1092,502,3416,2257,1978,1084
167,1090,430,3443,2275,1942,1046
168,1032,416,3466,2291,1981,1064
169,1161,508,3487,2309,1992,1070
170,1123,478,3524,2324,2001,1076
171,1193,528,3549,2340,2003,1082
172,1071,500,3572,2360,2032,1146
173,1119,496,3586,2373,2063,1130
174,1102,496,3622,2387,2040,1078
175,1256,552,3636,2410,2066,1096
176,1021,502,3659,2424,2122,1090
177,1230,536,3695,2439,2175,1108
178,1202,516,3713,2459,2100,1198
179,1291,554,3745,2475,2168,1120
180,1214,530,3763,2491,2127,1140
181,1257,570,3789,2509,2192,1194
182,1309,518,3821,2523,2225,1116
183,1268,558,3846,2542,2211,1134
184,1301,564,3874,2558,2290,1116
185,1302,580,3890,2575,2186,1170
186,1294,566,3928,2590,2256,1164
187,1316,598,3957,2609,2296,1134
188,1318,580,3968,2624,2272,1190
189,1441,638,3987,2639,2293,1284
190,1425,582,4028,2657,2355,1216
191,1385,642,4046,2674,2321,1196
192,1466,616,4084,2693,2340,1216
193,1354,648,4095,2708,2329,1222
194,1458,638,4122,2726,2414,1240
195,1428,580,4155,2741,2363,1234
196,1341,614,4174,2758,2381,1254
197,1545,724,4198,2773,2421,1246
198,1560,624,4224,2791,2447,1226
199,1514,666,4248,2808,2426,1246
200,1572,676,4275,2824,2518,1266
201,1637,662,4311,2842,2499,1246
202,1585,638,4321,2861,2535,1292
203,1608,658,4346,2877,2477,1326
204,1563,758,4381,2894,2481,1332
205,1625,680,4393,2911,2608,1338
206,1592,710,4428,2929,2483,1304
207,1704,716,4442,2944,2531,1310
208,1682,742,4487,2958,2551,1302
209,1665,778,4493,2976,2565,1350
210,1703,732,4536,2994,2601,1358
211,1716,744,4548,3008,2624,1336
212,1719,738,4589,3028,2658,1342
213,1875,782,4608,3047,2636,1348
214,1712,696,4643,3062,2659,1382
215,1850,804,4652,3079,2744,1360
216,1923,792,4693,3094,2721,1396
217,1811,742,4693,3112,2760,1402
218,1861,828,4743,3130,2735,1380
219,1967,824,4755,3144,2701,1372
220,1965,848,4790,3162,2756,1422
221,1865,826,4813,3177,2791,1472
222,1916,870,4834,3197,2839,1390
223,1999,802,4881,3215,2794,1426
224,2011,872,4904,3232,2798,1478
225,1997,874,4914,3245,2941,1410
226,2008,820,4939,3269,2838,1520
227,1881,794,4969,3282,2898,1436
228,2160,930,4992,3299,2835,1428
229,2174,898,5010,3316,2853,1434
230,2034,878,5060,3334,2880,1456
231,1965,848,5082,3348,2875,1492
232,2138,934,5080,3365,2949,1484
233,2101,908,5119,3381,2893,1536
234,2194,1002,5154,3399,2933,1434
235,1901,900,5179,3416,2962,1550
236,2158,886,5210,3436,3039,1494
237,2264,956,5226,3450,3008,1484
238,2195,930,5254,3466,2983,1522
239,2310,954,5272,3484,3114,1496
240,2252,968,5304,3500,3130,1584
241,2241,962,5322,3519,3025,1526
242,2419,998,5355,3533,3133,1596
243,2322,1014,5367,3552,3153,1522
244,2252,972,5401,3570,3196,1626
245,2404,1052,5437,3590,3195,1568
246,2329,968,5461,3603,3196,1558
247,2462,1070,5496,3621,3175,1546
248,2393,1032,5517,3636,3155,1536
249,2339,1008,5553,3654,3286,1560
250,2526,1086,5561,3670,3229,1700
251,2327,954,5588,3688,3218,1690
252,2326,1070,5629,3706,3333,1662
253,2518,1172,5641,3724,3310,1636
254,2562,1076,5666,3740,3357,1726
255,2590,1064,5693,3759,3281,1648
256,2517,1158,5722,3774,3401,1638
257,2652,1124,5755,3793,3424,1592
258,2357,1100,5785,3810,3433,1736
259,2656,1080,5794,3830,3394,1656
260,2751,1186,5820,3848,3393,1646
261,2744,1120,5858,3866,3449,1670
262,2707,1186,5899,3884,3498,1658
263,2716,1186,5906,3901,3436,1718
264,2831,1210,5944,3922,3519,1742
265,2626,1238,5967,3938,3508,1696
266,2841,1196,6002,3958,3446,1684
267,2890,1188,6015,3975,3531,1726
268,2761,1214,6043,3996,3480,1696
269,2811,1244,6073,4012,3518,1702
270,3028,1322,6099,4030,3566,1800
271,2832,1218,6127,4050,3566,1770
272,3017,1266,6164,4069,3574,1812
273,2992,1268,6174,4086,3570,1692
274,2752,1300,6224,4107,3748,1752
275,3032,1278,6230,4124,3604,1814
276,3000,1380,6265,4141,3656,1820
277,2962,1270,6291,4161,3591,1808
278,3010,1238,6332,4178,3619,1760
279,3210,1322,6342,4194,3710,1748
280,3155,1344,6380,4216,3791,1754
281,3205,1352,6400,4239,3794,1928
282,3036,1370,6433,4255,3654,1880
283,3223,1312,6457,4273,3714,1886
284,3248,1364,6495,4289,3756,1854
285,3273,1452,6516,4309,3849,1862
286,3226,1322,6542,4328,3841,1830
287,3176,1242,6577,4346,3829,1874
288,3401,1444,6606,4360,3884,1900
289,3344,1388,6616,4382,3883,1906
290,3428,1442,6656,4398,3844,1856
291,3309,1380,6669,4419,3904,1862
292,3248,1452,6698,4436,3839,1868
293,3502,1496,6740,4458,3873,1836
294,3365,1494,6759,4474,3869,1920
295,3380,1468,6787,4492,4049,2024
296,3605,1566,6818,4513,3995,1874
297,3541,1476,6846,4532,4010,1960
298,3193,1534,6877,4549,4061,1966
299,3444,1464,6905,4568,4095,1912
300,3431,1540,6931,4586,4068,1920
301,3444,1548,6952,4606,4008,1946
302,3540,1602,6983,4624,4090,2032
303,3751,1482,7010,4637,4097,2020
304,3747,1536,7049,4660,4176,2046
305,3734,1530,7067,4676,4133,1870
306,3729,1602,7110,4694,4212,1958
307,3856,1532,7116,4717,4145,1964
308,3603,1578,7149,4734,4278,2012
309,3661,1572,7175,4752,4259,1998
310,3821,1688,7207,4769,4177,1984
311,3765,1640,7226,4792,4270,1990
312,3886,1656,7270,4807,4280,2080
313,3997,1732,7287,4826,4350,2024
314,3882,1630,7326,4844,4266,2050
315,3881,1648,7338,4863,4391,2162
316,3966,1590,7381,4880,4357,2064
317,3942,1734,7399,4900,4346,2112
318,4175,1820,7426,4919,4249,2140
319,4181,1832,7461,4934,4342,2104
320,4011,1770,7476,4958,4335,2090
321,4037,1696,7512,4974,4443,2118
322,4046,1692,7540,4991,4424,2082
323,4131,1778,7577,5010,4463,2110
324,3921,1704,7618,5029,4494,2202
325,4274,1810,7630,5051,4534,2122
326,4293,1804,7641,5064,4433,2108
327,4200,1946,7670,5083,4622,2114
328,4356,1846,7715,5104,4523,2120
329,4428,1858,7739,5122,4507,2148
330,4210,1752,7776,5143,4523,2178
331,4214,1916,7789,5163,4527,2184
332,4346,1784,7821,5179,4600,2256
333,4610,1916,7856,5195,4528,2086
334,4568,1922,7874,5215,4581,2248
335,4241,1936,7906,5232,4674,2232
336,4481,1882,7917,5256,4642,2172
337,4319,1784,7963,5269,4638,2224
338,4449,1910,7992,5290,4659,2230
339,4326,1916,8033,5307,4606,2168
340,4288,2000,8053,5323,4844,2266
341,4294,1856,8084,5344,4649,2182
342,4535,1954,8094,5365,4857,2302
343,4468,1938,8130,5382,4773,2332
344,4627,1982,8157,5406,4853,2200
345,4846,2146,8183,5417,4779,2392
346,4737,1930,8230,5439,4852,2328
347,4924,2028,8251,5462,4978,2266
348,5073,2164,8283,5479,4984,2226
349,4931,1926,8293,5492,4847,2302
350,4970,2052,8315,5511,4879,2286
351,4860,2090,8361,5532,4961,2246
352,4923,1960,8396,5551,4947,2228
353,4963,2088,8408,5569,4977,2376
354,4709,1982,8448,5585,5003,2336
355,5044,2088,8478,5605,5006,2342
356,4900,2132,8492,5626,4960,2324
357,4987,2164,8516,5644,5156,2308
358,5150,2112,8560,5662,5102,2482
359,5098,2176,8581,5679,5051,2344
360,4994,2090,8610,5698,5006,2328
361,4955,2230,8637,5720,5110,2382
362,5405,2242,8667,5737,5056,2340
363,4904,2206,8684,5748,4957,2322
364,5224,2268,8726,5774,5157,2402
365,5464,2216,8750,5792,5147,2360
366,5410,2156,8766,5817,5170,2414
367,5502,2318,8809,5828,5244,2396
368,5248,2324,8840,5849,5176,2378
369,5390,2536,8862,5870,5138,2410
370,5439,2220,8888,5883,5184,2516
371,5353,2392,8929,5901,5259,2472
372,5567,2378,8958,5923,5221,2454
373,5466,2326,8962,5943,5229,2412
374,5604,2354,9003,5960,5321,2492
375,5477,2402,9038,5978,5352,2424
376,5641,2358,9071,5997,5338,2530
377,5661,2474,9082,6017,5288,2512
378,5514,2282,9112,6037,5304,2520
379,5472,2324,9141,6056,5365,2602
380,5609,2298,9182,6074,5226,2508
381,5409,2306,9192,6093,5354,2488
382,5586,2410,9229,6108,5356,2596
383,5621,2430,9250,6128,5507,2502
384,5459,2364,9286,6152,5412,2456
385,5774,2486,9319,6167,5430,2464
386,6104,2454,9330,6183,5508,2520
387,5881,2524,9363,6203,5526,2580
388,5956,2572,9409,6221,5460,2508
389,5965,2462,9437,6241,5503,2540
390,5985,2582,9465,6258,5503,2548
391,5798,2574,9483,6283,5612,2606
392,6145,2618,9519,6297,5559,2534
393,5330,2428,9537,6313,5591,2672
394,6461,2704,9590,6336,5700,2600
395,6189,2556,9610,6355,5731,2606
396,6290,2784,9640,6374,5603,2640
397,6001,2710,9655,6392,5717,2592
398,6459,2702,9701,6410,5636,2732
399,6403,2722,9708,6430,5658,2712
400,6411,2660,9748,6449,5760,2720
401,6132,2718,9778,6470,5831,2512
402,6402,2780,9811,6486,5800,2680
403,6744,2848,9826,6506,6022,2740
404,6406,2656,9864,6523,5829,2692
405,6278,2724,9893,6545,5923,2726
406,6499,2684,9925,6566,5814,2624
407,6540,2606,9968,6582,5812,2630
408,6554,2716,9975,6598,5918,2664
409,6715,2794,10005,6619,5749,2726
410,6758,2746,10037,6633,5831,2624
411,6540,2804,10062,6660,5915,2822
412,6760,2670,10094,6676,5884,2746
413,6801,2972,10111,6694,5831,2698
414,6675,2832,10150,6710,5936,2814
415,6743,2998,10153,6733,6059,2848
416,6735,2846,10212,6748,5990,2912
417,6943,2876,10232,6769,5906,2806
418,6900,2846,10268,6789,6067,2842
419,6594,2934,10279,6807,6123,2708
420,7071,2884,10326,6829,5953,2716
421,6931,2970,10350,6842,6087,2722
422,7225,3194,10352,6865,6177,2924
423,7330,3210,10403,6886,6108,2848
424,7177,3186,10445,6904,6105,2854
425,7420,2996,10451,6923,6196,2974
426,7255,3262,10480,6941,6166,2726
427,7162,3050,10512,6959,6156,2818
428,7085,3180,10556,6982,6258,2852
429,7382,2952,10572,6994,6197,2830
430,7044,3076,10612,7016,6278,2924
431,7629,3188,10639,7037,6274,3044
432,7227,3134,10666,7052,6254,2880
433,7192,3066,10672,7071,6262,2972
434,7508,2864,10707,7094,6196,2806
435,7646,3342,10733,7110,6416,2812
436,7372,3202,10768,7123,6366,2790
437,7672,3018,10799,7146,6462,2824
438,8016,3388,10836,7170,6336,2890
439,7778,3204,10875,7191,6284,2954
440,7841,3214,10880,7201,6365,2844
441,7598,3200,10916,7224,6425,2940
442,7381,3326,10957,7244,6320,3094
443,7678,3304,10969,7263,6642,3070
444,7927,3244,11010,7282,6555,3078
445,7952,3414,11016,7299,6563,2996
446,7720,3276,11073,7318,6638,2972
447,7883,3160,11090,7334,6586,2980
448,7902,3348,11125,7355,6458,2986
449,7639,3302,11144,7377,6574,3052
450,8136,3490,11176,7393,6700,3000
451,8460,3540,11205,7413,6599,3006
452,8127,3296,11228,7430,6609,3102
453,8039,3512,11256,7453,6540,3020
454,8313,3216,11290,7469,6694,3238
455,7969,3378,11329,7493,6731,3124
456,8175,3488,11346,7506,6628,3040
457,8264,3304,11368,7527,6835,2984
458,8393,3594,11390,7545,6635,3144
459,8487,3418,11438,7563,6716,3090
460,8331,3474,11468,7582,6712,3158
461,8641,3758,11498,7601,6934,3072
462,8618,3468,11539,7622,6852,3264
463,8283,3384,11551,7639,6759,3086
464,8599,3832,11598,7658,6929,3124
465,8861,3584,11598,7680,6944,3162
466,8806,3786,11636,7695,6917,3198
467,7758,3462,11674,7715,6934,3174
468,8931,3760,11697,7735,6948,3026
469,8711,3506,11719,7754,6921,3064
470,9053,3972,11742,7775,6978,3164
471,8494,3702,11769,7789,6959,3264
472,9167,3608,11818,7814,7022,3146
473,9097,3656,11837,7834,6977,3152
474,9285,3748,11892,7848,6963,3190
475,9094,3968,11896,7872,7054,3230
476,9419,3922,11940,7882,7008,3172
477,8887,3716,11963,7905,7113,3402
478,9280,3772,11990,7928,7153,3218
479,9365,4232,12020,7945,7257,3352
480,8817,3680,12031,7961,7129,3168
481,9675,4118,12076,7982,7175,3302
482,9347,3880,12098,7998,7250,3276
483,9225,3830,12126,8017,7118,3348
484,9793,4194,12163,8033,7208,3290
485,9685,3978,12182,8060,7217,3104
486,9497,3862,12208,8073,7158,3498
487,9493,4048,12237,8098,7220,3278
488,9315,4052,12263,8113,7339,3122
489,9445,3892,12303,8135,7254,3260
490,9788,3994,12331,8153,7354,3332
491,9686,4182,12361,8172,7563,3436
492,9720,4252,12393,8191,7335,3280
493,9489,4086,12400,8209,7372,3418
494,10257,4410,12449,8227,7465,3424
495,9952,4260,12482,8249,7375,3432
496,9481,4178,12502,8262,7360,3504
497,9387,4158,12512,8285,7384,3412
498,9261,3712,12553,8301,7542,3386
499,10017,4132,12610,8324,7502,3358
500,10024,4114,12629,8338,7487,3566
501,10166,4164,12668,8361,7618,3406
502,10002,4072,12682,8383,7377,3312
503,10048,4064,12712,8401,7534,3352
504,10194,4258,12736,8421,7579,3560
505,9999,4172,12765,8438,7484,3400
506,10389,4686,12779,8456,7539,3542
507,10038,4188,12822,8474,7775,3446
508,10407,4522,12868,8495,7505,3318
509,10503,4378,12893,8516,7635,3528
510,10262,4338,12913,8530,7740,3604
511,10062,4416,12919,8555,7760,3542
512,10795,4488,12981,8569,7572,3618
513,10892,4410,12999,8589,7843,3488
514,10148,4360,13019,8611,7752,3562
515,10950,4390,13061,8629,7646,3570
516,10777,4662,13098,8649,7922,3474
517,10913,4556,13134,8672,8064,3618
518,10852,4504,13140,8696,7752,3556
519,10741,4284,13188,8711,7841,3460
520,10958,4374,13207,8736,7925,3536
521,10994,4446,13235,8757,7790,3508
522,11073,4674,13260,8774,7996,3548
523,10412,4468,13318,8790,7944,3590
524,10461,4396,13340,8815,7805,3562
525,11293,4422,13353,8837,7879,3534
526,10804,4704,13396,8854,7822,3436
527,11397,4700,13436,8874,8066,3548
528,10921,4802,13453,8895,8098,3660
529,11041,4834,13489,8921,8098,3666
530,11216,4938,13514,8936,7939,3498
531,11324,4522,13550,8955,8088,3610
532,11318,4546,13573,8978,8078,3474
533,11212,4762,13609,8997,8121,3588
534,11166,4956,13635,9018,8116,3452
535,11123,4554,13662,9039,8045,3602
536,11126,4740,13688,9057,8053,3752
537,11168,4970,13712,9079,8175,3650
538,11281,4662,13765,9101,8250,3550
539,11398,4900,13787,9120,8199,3700
540,10833,4776,13806,9141,8197,3636
541,11594,4828,13836,9166,7988,3606
542,11625,5036,13865,9181,8298,3684
543,11714,5036,13902,9203,8331,3474
544,12051,4880,13922,9225,8260,3662
545,11259,4930,13981,9245,8237,3632
546,11781,4924,14014,9267,8269,3822
547,12412,5022,14032,9285,8159,3756
548,12229,5130,14064,9306,8399,3762
549,11620,4900,14091,9325,8425,3732
550,11883,4952,14128,9349,8242,3556
551,12168,4976,14159,9367,8582,3782
552,12295,5306,14176,9386,8547,3864
553,11984,5090,14214,9406,8244,3760
554,12500,5238,14246,9430,8289,3804
555,12263,5248,14270,9448,8395,3810
556,12437,5080,14305,9468,8372,3816
557,12705,5320,14347,9489,8309,4046
558,12579,5144,14356,9505,8397,4016
559,12449,5292,14398,9531,8591,3762
560,12315,5400,14432,9550,8533,3732
561,12165,5552,14469,9568,8601,3888
562,12500,5104,14494,9596,8459,3934
563,12924,5542,14533,9610,8519,3790
564,12935,5114,14544,9631,8749,3910
565,12003,5282,14586,9647,8609,3992
566,12904,5394,14607,9674,8698,3810
567,13011,5458,14628,9695,8793,4006
568,12962,5662,14674,9718,8684,3786
569,13314,5348,14702,9736,8778,3792
570,13072,5508,14742,9754,8625,3800
571,13340,5400,14757,9774,8632,4034
572,13319,5776,14790,9798,8846,3888
573,13106,5506,14814,9816,8751,3820
574,12992,5396,14836,9838,8728,3978
575,13509,5358,14864,9857,8810,4100
576,13659,5736,14890,9874,8863,3916
577,13662,5552,14946,9899,8765,3962
578,13086,5400,14972,9916,8762,4084
579,13589,5368,14993,9939,8986,3974
580,13131,5650,15031,9953,9038,4020
581,13954,5790,15062,9978,9006,3988
582,13841,5682,15105,10001,9153,3880
583,13426,5706,15117,10024,9141,4002
584,13249,5472,15146,10043,9053,4242
585,13318,5768,15194,10061,8985,4212
586,14168,5872,15205,10084,8877,3866
587,13132,5480,15250,10105,8894,3952
588,13718,5796,15288,10121,9151,4076
589,13719,5916,15304,10142,8916,3964
590,14411,5812,15330,10164,9038,4130
591,14045,5984,15383,10189,9134,4254
592,13805,5940,15398,10209,9096,4144
593,14049,5760,15430,10228,9177,4032
594,13988,5678,15466,10252,8984,4118
595,14141,6106,15489,10269,9272,4164
596,14186,5842,15519,10288,9324,4132
597,14255,5822,15545,10307,9338,4178
598,14446,5808,15596,10325,9165,4146
599,14683,6244,15634,10349,8995,4232
600,14760,5998,15670,10365,9125,4120
601,14141,6162,15678,10386,9169,4086
602,14066,6056,15719,10413,9367,4092
603,14555,6154,15740,10428,9385,4180
604,14411,5868,15778,10449,9321,4066
605,14548,6024,15803,10474,9584,4234
606,14622,6414,15834,10493,9270,4282
607,14618,6368,15871,10515,9718,4168
608,14931,6148,15903,10528,9391,4052
609,14692,5996,15921,10552,9371,4222
610,15006,6138,15974,10577,9361,4270
611,14945,6222,15980,10600,9462,4194
612,14485,6364,16021,10613,9536,4284
613,15563,6564,16062,10640,9592,4412
614,15308,6626,16074,10652,9454,4338
615,15094,6242,16112,10680,9519,4264
616,15228,6142,16130,10698,9877,3942
617,14920,6268,16174,10718,9622,4030
618,15420,6284,16212,10741,9448,4078
619,15192,6366,16236,10762,9723,4374
620,14815,6026,16271,10775,9549,4132
621,14937,6314,16286,10800,9677,4388
622,15596,6518,16316,10823,9747,4188
623,15762,6520,16342,10842,9477,4402
624,16002,6460,16390,10864,9789,4534
625,15538,6158,16440,10878,9890,4416
626,15892,6534,16454,10907,9656,4422
627,15851,6828,16460,10924,9784,4388
628,15290,6254,16525,10939,9666,4228
629,16347,6652,16538,10959,9930,4276
630,15933,6790,16584,10982,9988,4494
631,15638,6496,16617,11002,10000,4416
632,16308,6492,16637,11022,9834,4254
633,15741,6666,16665,11047,9953,4472
634,16369,6616,16699,11062,10098,4394
635,16440,6758,16741,11089,9816,4402
636,15701,6892,16768,11104,10033,4366
637,16664,6914,16783,11131,9930,4330
638,16590,6680,16809,11148,10013,4508
639,16361,6904,16833,11164,10079,4344
640,16498,6754,16898,11187,10085,4394
641,15986,6544,16913,11207,9877,4400
642,16554,6784,16948,11229,10074,4536
643,16380,7166,16966,11251,9800,4628
644,16930,7240,17007,11267,9974,4336
645,16627,6764,17036,11294,9944,4386
646,16625,6762,17053,11310,10227,4306
647,17167,7158,17113,11323,10113,4442
648,16715,6990,17136,11353,10142,4752
649,16215,6942,17167,11375,10072,4628
650,16954,6824,17165,11393,10145,4550
651,17443,7152,17232,11418,10280,4382
652,16753,6858,17260,11437,10246,4606
653,17316,7422,17252,11457,10387,4526
654,16806,6968,17310,11475,10018,4490
655,17634,7234,17350,11495,10240,4496
656,17566,7186,17382,11518,10265,4416
657,17485,7374,17415,11540,10362,4510
658,16693,7238,17443,11560,10392,4692
659,18144,7600,17474,11578,10286,4524
660,17039,7366,17488,11602,10268,4488
661,17456,6928,17536,11621,10353,4670
662,17341,6964,17564,11641,10412,4722
663,17569,7598,17601,11659,10532,4906
664,17819,7262,17633,11675,10606,4602
665,18146,7252,17656,11704,10579,4522
666,18231,7822,17692,11724,10498,4928
667,17309,7400,17718,11743,10655,4668
668,18220,7404,17768,11766,10494,4764
669,18140,7466,17777,11788,10595,4994
670,18079,7658,17818,11808,10572,4734
671,17772,7672,17836,11825,10701,4740
672,18465,7584,17871,11852,10926,4792
673,18052,7656,17917,11869,10812,4620
674,17378,7702,17934,11891,10452,4806
675,18009,7664,17957,11911,10731,4590
676,17833,7496,17984,11936,10586,4686
677,18750,7936,18016,11950,10633,4648
678,18639,7400,18064,11970,10901,4520
679,19162,7858,18060,11991,10646,4752
680,18854,7742,18126,12012,10700,4714
681,18698,7522,18167,12035,10857,4994
682,18574,7592,18176,12057,10772,4728
683,18383,7530,18244,12074,10824,4734
684,18704,7948,18235,12096,10553,4650
685,18736,7742,18267,12117,10863,4794
686,18443,7752,18296,12136,10688,4846
687,19506,8142,18356,12156,11112,4716
688,19008,8246,18356,12175,11151,4770
689,18720,7948,18412,12196,10968,4822
690,19586,7890,18447,12215,10795,4692
691,19601,8382,18481,12242,10976,4836
692,19565,7668,18497,12261,10909,5028
693,19481,8376,18554,12281,10863,4850
694,19488,8252,18551,12301,10979,4810
695,19831,8154,18568,12323,11163,4818
696,19307,7850,18607,12341,10905,5056
697,19840,8360,18639,12368,11055,4924
698,19861,8124,18674,12385,10855,4886
699,19924,8438,18726,12403,10971,4846
700,20167,8274,18754,12424,11129,5040
701,19262,8656,18781,12443,11216,4906
702,19357,8150,18808,12471,11301,5006
703,18992,8314,18823,12485,11337,5014
704,20201,8064,18866,12499,11157,4880
705,19940,8200,18896,12528,11156,4934
706,19776,8298,18937,12550,11322,4988
707,20051,8660,18965,12568,11240,4948
708,19913,8294,18994,12588,11261,4956
709,19382,8178,19045,12610,11153,5010
710,20407,8484,19067,12629,11413,4732
711,20750,8366,19076,12650,11339,5166
712,20073,8862,19123,12675,11340,4984
713,19758,8092,19156,12697,11310,4990
714,20789,8542,19177,12714,11493,5188
715,20291,8690,19213,12738,11353,5052
716,20036,8326,19236,12758,11373,4868
717,21192,8590,19274,12776,11446,4922
718,20115,8778,19285,12798,11417,5264
719,21330,9154,19334,12817,11490,5176
720,20895,8284,19393,12840,11521,4896
721,21541,9194,19407,12861,11338,4998
722,21157,8908,19442,12881,11520,5004
723,20429,8754,19457,12897,11605,5204
724,20883,8990,19507,12921,11591,5018
725,20460,8678,19513,12935,11676,5220
726,20910,8808,19578,12963,11863,5082
727,21162,8880,19575,12982,11508,5234
728,21944,9186,19625,13001,11672,5192
729,21477,8788,19662,13026,11491,5054
730,21443,8818,19694,13046,11733,4914
731,21299,9164,19699,13069,11781,5310
732,21431,8798,19738,13086,11715,5220
733,21681,9152,19770,13107,12031,4934
734,22019,8756,19797,13127,11738,5186
735,20754,8722,19853,13146,11818,5194
736,21250,8838,19862,13172,11805,5004
737,21972,9254,19900,13192,11672,5158
738,21804,9214,19944,13209,11994,5312
739,20602,8830,19966,13222,11853,5222
740,22038,8752,20003,13252,12269,5180
741,21532,9222,20028,13273,12023,5088
742,22161,9098,20086,13292,11830,5390
743,22179,9138,20086,13317,11838,5250
744,22151,9084,20140,13329,12153,5058
745,22054,9240,20148,13351,11977,5364
746,22446,9182,20190,13374,11830,5470
747,22971,9388,20229,13397,12099,5328
748,22344,9182,20254,13415,12125,5284
749,21641,9272,20285,13442,12225,5142
750,22990,9080,20319,13460,12111,5100
751,22842,9134,20349,13480,11968,5356
752,21791,9336,20397,13500,12087,5212
753,23441,9282,20384,13520,11978,5220
754,22782,9220,20444,13539,12138,5226
755,22576,9512,20443,13561,12373,5536
756,22154,9478,20499,13577,12244,5342
757,23749,9698,20545,13595,12156,5500
758,23737,9826,20570,13627,12307,5306
759,23196,9806,20586,13641,12184,5362
760,22961,9338,20642,13665,12439,5370
761,23768,9588,20647,13681,12591,5580
762,23029,9428,20680,13700,12334,5486
763,23594,9900,20704,13723,12082,5492
764,22846,9830,20741,13743,12050,5348
765,23535,9684,20793,13771,12238,5100
766,21779,9184,20806,13787,12235,5464
767,23281,10050,20848,13809,12428,5316
768,24430,9794,20878,13831,12669,5478
769,24042,9632,20898,13850,12672,5536
770,23264,10180,20933,13871,12395,5646
771,24204,9704,20976,13895,12288,5654
772,24273,9892,20986,13907,12709,5506
773,23923,10378,21047,13932,12437,5564
774,23700,9936,21055,13950,12622,5624
775,23989,10258,21081,13975,12365,5424
776,24688,9954,21134,14002,12691,5690
777,23863,10168,21162,14023,12884,5490
778,24416,10138,21190,14036,12572,5446
779,24299,10684,21227,14058,12641,5036
780,23839,10596,21258,14081,12621,5564
781,24651,10094,21289,14101,12398,5466
782,24360,10504,21303,14120,12668,5474
783,23905,10066,21359,14140,12688,5480
784,24786,10004,21353,14163,12675,5644
785,24948,10540,21398,14187,12566,5704
786,25314,10436,21439,14201,13191,5710
787,24792,10388,21490,14225,12750,5928
788,25089,10410,21489,14247,12882,5568
789,24851,10406,21546,14271,12709,5628
790,25394,10654,21557,14286,12716,5950
791,24725,10634,21592,14312,13186,5800
792,25225,10478,21618,14334,12930,5596
793,25299,10524,21657,14351,12812,5868
794,24727,10490,21689,14372,12848,5452
795,25175,10440,21743,14394,13143,5512
796,25808,10330,21782,14411,12956,5572
797,25652,10284,21784,14430,12861,5578
798,25122,10552,21805,14457,13087,5744
799,25207,10514,21813,14474,13216,5592
800,26234,11132,21908,14495,13020,5440
801,25807,10814,21915,14514,13171,5820
802,25540,11030,21946,14537,13209,5774
803,25920,11312,21977,14554,12968,5674
804,25533,10596,22020,14578,13093,5788
805,25877,10858,22050,14602,13112,5634
806,26250,11016,22074,14626,13071,5588
807,26683,11024,22098,14641,13129,5648
808,24847,10582,22118,14664,12965,5870
809,26839,10854,22174,14688,13143,5554
810,26184,11000,22198,14706,13394,5670
811,25509,10842,22228,14725,13180,5676
812,26269,10854,22269,14746,13497,5792
813,26483,10904,22281,14766,13429,5906
814,26528,11322,22327,14788,13396,5698
815,26007,10662,22340,14807,13445,5976
816,26176,10624,22393,14834,13348,5928
817,26353,11034,22411,14854,13491,5392
818,27251,10820,22457,14879,13252,5780
819,27116,11314,22461,14890,13141,6006
820,26571,11210,22502,14917,13400,5904
821,26648,11258,22556,14932,13289,6184
822,27564,11286,22567,14955,13660,5698
823,27755,11286,22611,14979,13750,5596
824,27232,11120,22623,14996,13438,6042
825,27892,11288,22679,15015,13484,5884
826,27158,11746,22703,15037,13546,5782
827,28302,11284,22720,15063,13405,6064
828,28105,11498,22755,15076,13515,5906
829,27465,11598,22795,15103,13869,5692
830,26718,11488,22839,15124,13600,5976
831,26953,11354,22863,15142,13298,6038
832,27444,11566,22900,15165,13805,5934
833,27980,11642,22916,15186,13671,6108
834,28354,11448,22956,15210,13767,5560
835,28501,12134,22960,15227,13956,5956
836,27874,11270,23016,15247,13648,5740
837,28363,11972,23043,15261,13784,5634
838,27651,11778,23066,15286,13730,5810
839,27735,11336,23093,15311,13822,5984
840,29115,12030,23151,15327,13944,6160
841,28657,11842,23178,15350,13770,5774
842,28527,11584,23226,15373,14045,6006
843,28946,11582,23228,15394,14171,5956
844,28145,12006,23266,15412,14217,5794
845,28904,11894,23311,15434,13903,6140
846,27121,12048,23316,15457,13910,5696
847,29265,12170,23371,15479,14299,6154
848,29365,12314,23399,15505,13963,5822
849,28729,12062,23423,15516,14010,5886
850,27940,11506,23471,15542,14166,6006
851,29857,12170,23486,15560,13954,5900
852,29317,12000,23530,15584,14003,6190
853,29358,12084,23548,15603,14018,6254
854,28693,12518,23586,15624,13957,5978
855,28301,12648,23603,15643,13860,6042
856,29662,12186,23650,15662,14290,6162
857,29126,12484,23677,15683,13963,6112
858,28829,12008,23710,15704,14209,6062
859,29498,12148,23764,15730,14276,5840
860,29208,12146,23783,15745,14153,5732
861,29624,12464,23807,15768,14500,6198
862,30220,12682,23846,15786,14076,5976
863,30564,12856,23857,15812,14200,5868
864,30502,12502,23886,15830,14158,6104
865,30415,12388,23938,15855,14252,6342
866,30036,12380,23976,15874,14103,6408
867,30422,12406,23994,15890,14546,6242
868,30827,12178,24029,15917,14676,6132
869,30316,12660,24062,15942,14172,6372
870,30259,12374,24108,15960,14649,6322
871,30447,12812,24115,15974,14516,6038
872,30085,12614,24164,15998,14578,6278
873,31631,12976,24167,16019,14283,6342
874,30890,13068,24227,16043,14270,6292
875,30981,13252,24250,16062,14572,6066
876,30611,12922,24289,16079,14703,6072
877,30967,13054,24316,16107,14629,6138
878,30005,12360,24330,16126,14348,6320
879,31439,13008,24387,16147,14555,6094
880,30548,12926,24421,16169,14753,5924
881,31881,13132,24461,16181,14796,6166
882,31182,12968,24474,16211,14602,6468
883,30967,12896,24480,16229,14790,6474
884,31274,13454,24558,16250,14401,6188
885,31684,12922,24549,16277,14442,6548
886,31745,13222,24616,16291,14590,6438
887,32669,13240,24635,16314,14620,6090
888,31244,12934,24655,16333,14971,6156
889,31970,12850,24697,16358,14609,6282
890,31942,13448,24747,16369,15090,6230
891,32293,13618,24744,16398,14688,6118
892,31977,13048,24788,16418,14823,6422
893,31170,13160,24809,16436,14914,6250
894,31262,13468,24867,16464,15041,6018
895,33068,13390,24888,16476,15082,6562
896,32720,13590,24909,16504,14975,6390
897,33015,13466,24924,16525,15118,6338
898,32400,13194,24974,16542,15045,6404
899,32393,13360,25022,16565,14970,6472
900,33126,13812,25041,16590,15015,6660
901,32599,13418,25084,16608,15163,6606
902,32593,13230,25101,16625,14672,6614
903,33462,13286,25146,16645,15312,6440
904,33465,13954,25156,16667,14795,6628
905,32324,13904,25187,16694,15415,6576
906,33539,13260,25218,16717,14977,6704
907,33550,13646,25263,16735,14925,6590
908,33136,13846,25298,16751,15256,6658
909,34101,14084,25341,16776,15078,6422
910,31796,14384,25358,16796,14968,6552
911,33169,14164,25388,16821,15396,6680
912,34280,14144,25431,16840,15516,6444
913,33298,13640,25447,16855,15211,6572
914,34361,14126,25490,16879,15489,6458
915,34097,13720,25503,16893,15375,6832
916,33924,13802,25549,16920,15137,6594
917,33561,13810,25595,16941,15218,6296
918,34669,14258,25623,16958,15223,6242
919,33663,13898,25656,16982,15308,6922
920,34229,13932,25689,17002,15405,6500
921,34138,14180,25701,17028,15578,7060
922,33215,13872,25727,17045,15315,6884
923,34100,13862,25778,17073,15462,6952
924,35162,14882,25809,17089,15265,6898
925,34674,13784,25857,17110,15501,6598
926,34488,13846,25874,17126,15650,6482
927,35601,14530,25899,17151,15685,6550
928,33966,14288,25943,17168,15512,6248
929,34460,14044,25961,17195,15604,6440
930,34081,14776,26004,17218,15433,6696
931,35001,14388,26010,17236,15545,6702
932,33959,14602,26063,17257,15554,6648
933,35800,14686,26082,17274,15425,6592
934,34284,14764,26137,17297,15766,6848
935,35348,15154,26159,17316,15817,6606
936,35700,14678,26205,17333,15948,6738
937,34030,14832,26220,17360,15550,6370
938,35009,14486,26262,17382,15432,6628
939,35532,14848,26288,17399,16073,6698
940,36010,15054,26311,17427,15727,6516
941,36435,14654,26336,17442,15845,6774
942,36154,14718,26392,17467,15715,6718
943,36658,14848,26428,17489,15687,6914
944,36007,15184,26426,17507,15844,6984
945,36652,15154,26487,17529,15953,6992
946,36240,15464,26485,17553,16093,6874
947,36534,14920,26563,17570,15829,7134
948,36920,15316,26584,17593,15742,6762
949,36638,15132,26619,17613,15626,7212
950,36969,15164,26633,17633,16038,6776
951,36296,14832,26684,17652,15894,6910
952,37504,15158,26705,17680,15780,6790
953,37203,15890,26731,17698,15717,7052
954,37404,15024,26770,17710,16278,6868
955,36838,15736,26793,17739,15929,6938
956,36699,15142,26819,17757,16371,6754
957,36536,15266,26850,17786,15972,6890
958,37233,15706,26878,17807,16204,6768
959,36758,14760,26948,17826,16069,7288
960,37239,15340,26959,17847,16205,7168
961,35612,15160,26997,17864,16004,6790
962,37383,15376,27005,17886,16023,7054
963,37483,15450,27048,17907,16134,6932
964,38407,15374,27085,17928,16177,6876
965,37844,15664,27115,17950,16423,6818
966,38310,15568,27136,17975,16316,6762
967,36069,15338,27190,17989,16129,7026
968,36163,15272,27225,18013,16179,6840
969,37807,15662,27249,18036,16600,6782
970,38630,16214,27283,18049,16464,6984
971,37335,15306,27298,18079,16434,6926
972,37835,15986,27339,18090,16254,7192
973,38100,15742,27373,18114,16291,6874
974,38631,16158,27407,18134,16525,7076
975,36949,15652,27425,18162,16314,7020
976,38955,15576,27470,18177,16372,7092
977,39246,15834,27493,18202,16463,7228
978,38164,15884,27535,18221,16901,6976
979,38514,16130,27565,18251,16891,7048
980,38706,16258,27599,18268,16522,7186
981,36984,15886,27645,18284,16699,7128
982,39478,16238,27653,18313,16521,7070
983,38340,15730,27715,18324,16503,6946
984,37928,16024,27717,18346,16212,7018
985,40077,15998,27765,18356,16981,6960
986,40275,16656,27797,18387,16547,7032
987,39041,16228,27819,18407,16563,7238
988,40462,16572,27854,18435,16626,7244
989,39037,15896,27877,18450,16676,6988
990,40682,16484,27924,18475,16685,7128
991,39898,15644,27978,18494,17115,7200
992,40001,16710,27980,18514,17327,7208
993,40831,17114,28001,18537,16635,7282
994,39864,16440,28072,18551,17123,7156
995,39144,16594,28061,18577,16663,7230
996,39363,16970,28089,18604,17167,7370
997,40385,16694,28141,18620,16759,7510
998,40645,17416,28178,18637,16982,7118
999,39851,16428,28188,18664,16873,7392
1000,41149,16764,28232,18680,16833,6732
